{
		"mediaFolder": "media/",
		"title": "My Projects",
		"subtitle": "Bob Somebody",
		"description": "These are my projects",
		"sort": {
				"by": "",
				"direction": "descending",
				"mode": "list"
		},
		"thumb": {
				"max_width": 200,
				"max_height": 200,
				"crop": 1
		},
		"template": {
				"project": {
						"id": {
								"type": "int",
								"required": 1,
								"protected": 1,
								"auto_increment": 1,
								"counter": 0,
								"hidden": 1
						},
						"cleanUrl": {
								"type": "string",
								"required": 1,
								"protected": 1,
								"hidden": 1
						},
						"published": {
								"type": "bool",
								"required": 1,
								"protected": 1,
								"def": 1
						},
						"added": {
								"type": "timestamp",
								"required": 1,
								"protected": 1
						},
						"title": {
								"type": "string",
								"required": 1,
								"protected": 1
						},
						"coverImage": {
								"type": "string",
								"protected": 1,
								"hidden": 1
						},
						"description": {
								"type": "text",
								"required": 1
						}
				},
				"media": {
						"src": {
								"type": "string",
								"required": 1,
								"protected": 1
						},
						"visible": {
								"type": "bool",
								"required": 1,
								"protected": 1,
								"def": 1
						},
						"type": {
								"type": "choice",
								"required": 1,
								"protected": 1,
								"hidden": 1,
								"choices": "image,sound,video"
						},
						"thumb": {
								"type": "string",
								"protected": 1,
								"required": 0
						},
						"caption": {
								"type": "text",
								"required": 0
						}
				}
		},
		"projects": {

		}
}